{"cameraMode":{"drawMode":0,"name":"Shaded","section":"Shading Mode"},"sceneLighting":false,"audioPlay":false,"sceneViewState":{"m_AlwaysRefresh":false,"showFog":true,"showSkybox":false,"showFlares":true,"showImageEffects":true,"showParticleSystems":true,"showVisualEffectGraphs":true,"m_FxEnabled":true},"in2DMode":false,"pivot":{"x":-0.103485107421875,"y":-0.36180686950683596,"z":0.28473687171936037},"rotation":{"x":-0.15138162672519685,"y":-0.7652503848075867,"z":0.19484961032867433,"w":-0.5946264266967773},"size":2.400017261505127,"orthographic":false}