{"cameraMode":{"drawMode":0,"name":"Shaded","section":"Shading Mode"},"sceneLighting":false,"audioPlay":false,"sceneViewState":{"m_AlwaysRefresh":false,"showFog":true,"showSkybox":false,"showFlares":true,"showImageEffects":true,"showParticleSystems":true,"showVisualEffectGraphs":true,"m_FxEnabled":true},"in2DMode":false,"pivot":{"x":0.000003861263394355774,"y":0.000002205371856689453,"z":0.05628466606140137},"rotation":{"x":0.12464798241853714,"y":0.8673039674758911,"z":-0.27143609523773196,"w":0.39827167987823489},"size":0.747935950756073,"orthographic":false}