{"cameraMode":{"drawMode":0,"name":"Shaded","section":"Shading Mode"},"sceneLighting":false,"audioPlay":false,"sceneViewState":{"m_AlwaysRefresh":false,"showFog":true,"showSkybox":false,"showFlares":true,"showImageEffects":true,"showParticleSystems":true,"showVisualEffectGraphs":true,"m_FxEnabled":true},"in2DMode":false,"pivot":{"x":3.725290298461914e-9,"y":-2.9802322387695315e-8,"z":0.040218889713287356},"rotation":{"x":0.12464798241853714,"y":0.8673039674758911,"z":-0.27143609523773196,"w":0.39827167987823489},"size":1.3093645572662354,"orthographic":false}