{"cameraMode":{"drawMode":0,"name":"Shaded","section":"Shading Mode"},"sceneLighting":true,"audioPlay":false,"sceneViewState":{"m_AlwaysRefresh":false,"showFog":true,"showSkybox":false,"showFlares":true,"showImageEffects":true,"showParticleSystems":true,"showVisualEffectGraphs":true,"m_FxEnabled":true},"in2DMode":false,"pivot":{"x":-0.024747610092163087,"y":0.046660248190164569,"z":0.9864298701286316},"rotation":{"x":0.1815422773361206,"y":0.22952555119991303,"z":-0.04362037405371666,"w":0.9552322030067444},"size":0.3534720540046692,"orthographic":false}