{"cameraMode":{"drawMode":0,"name":"Shaded","section":"Shading Mode"},"sceneLighting":false,"audioPlay":false,"sceneViewState":{"m_AlwaysRefresh":false,"showFog":true,"showSkybox":false,"showFlares":true,"showImageEffects":true,"showParticleSystems":true,"showVisualEffectGraphs":true,"m_FxEnabled":true},"in2DMode":false,"pivot":{"x":0.9593244791030884,"y":-0.41189733147621157,"z":-0.6366266012191773},"rotation":{"x":0.07313818484544754,"y":0.846123456954956,"z":-0.12036550790071488,"w":0.5140978693962097},"size":1.0829246044158936,"orthographic":false}